{
  "version": 2,
  "name": "edulita-insight",
  "builds": [
    {
      "src": "package.json",
      "use": "@vercel/next"
    }
  ],
  "routes": [
    {
      "src": "/(.*)",
      "dest": "/$1"
    }
  ],
  "env": {
    "GOOGLE_GENERATIVE_AI_API_KEY": "@google-ai-api-key",
    "NEXT_PUBLIC_SUPABASE_URL": "@supabase-url",
    "NEXT_PUBLIC_SUPABASE_ANON_KEY": "@supabase-anon-key"
  },
  "build": {
    "env": {
      "GOOGLE_GENERATIVE_AI_API_KEY": "@google-ai-api-key",
      "NEXT_PUBLIC_SUPABASE_URL": "@supabase-url",
      "NEXT_PUBLIC_SUPABASE_ANON_KEY": "@supabase-anon-key"
    }
  },
  "functions": {
    "app/api/**/*.ts": {
      "maxDuration": 30
    }
  },
  "headers": [
    {
      "source": "/api/(.*)",
      "headers": [
        {
          "key": "Access-Control-Allow-Origin",
          "value": "*"
        },
        {
          "key": "Access-Control-Allow-Methods",
          "value": "GET, POST, PUT, DELETE, OPTIONS"
        },
        {
          "key": "Access-Control-Allow-Headers",
          "value": "Content-Type, Authorization"
        }
      ]
    }
  ]
}
